sampid,gene,nuc_pos,haplotype,X,ML_freq,LL,BIC
2-18,1-PB2,,,,,,
2-18,2-PB1,,,,,,
2-18,3-PA,,,,,,
2-18,4-HA,[1410],"[('T',), ('A',)]",0.0,[0.24731183 0.75268817],,
2-18,5-NP,"[18, 20, 534]","[('C', 'A', 'C'), ('A', 'C', 'C'), ('C', 'A', 'T')]",0.0,[0.91774312 0.05730178 0.0249551 ],-107.24323767553801,233.79973030028526
2-18,6-NA,,,,,,
2-18,7-M,,,,,,
2-18,8-NS,"[288, 466]","[('G', 'A'), ('T', 'A'), ('G', 'G')]",0.0,[0.92334915 0.04885522 0.02779563],-147.52465315690782,315.1181041213525
2-19,1-PB2,[85],"[('T',), ('G',)]",0.0,[0.228471 0.771529],,
2-19,2-PB1,[1483],"[('C',), ('T',)]",0.0,[0.04285714 0.95714286],,
2-19,3-PA,,,,,,
2-19,4-HA,[1410],"[('T',), ('A',)]",0.0,[0.31654676 0.68345324],,
2-19,5-NP,"[18, 20, 21]","[('C', 'A', 'A'), ('A', 'C', 'A'), ('A', 'C', 'G')]",0.0,[0.9362409  0.02608081 0.03767829],-77.99084860252195,171.15043462108886
2-19,6-NA,[666],"[('G',), ('A',)]",0.0,[0.05742574 0.94257426],,
2-19,7-M,"[825, 831]","[('T', 'T'), ('T', 'C'), ('C', 'T')]",0.0,[0.93079978 0.03567997 0.03352026],-39.47918104264647,93.90918195041796
2-19,8-NS,,,,,,
2-20,1-PB2,"[327, 423, 542, 1149, 1758, 1773]","[('T', 'A', 'C', 'G', 'G', 'G'), ('T', 'C', 'C', 'G', 'G', 'G'), ('T', 'A', 'C', 'A', 'G', 'G'), ('T', 'C', 'C', 'A', 'G', 'G'), ('T', 'A', 'A', 'G', 'G', 'G'), ('T', 'A', 'C', 'G', 'A', 'G')]",1.0,"[3.29544962e-01 3.11908495e-01 1.94900599e-01 1.17363001e-10
 9.08851318e-02 6.28745457e-02 9.88626677e-03]",-485.63885414519723,1019.3243320305652
2-20,2-PB1,,,,,,
2-20,3-PA,"[348, 1821]","[('G', 'G'), ('T', 'G'), ('G', 'A')]",0.0,[0.84826953 0.1010838  0.05064667],-219.99922565214908,460.1807464788508
2-20,4-HA,[1410],"[('T',), ('A',)]",0.0,[0.33707865 0.66292135],,
2-20,5-NP,"[18, 20, 21, 22, 22, 187, 222]","[('C', 'A', 'A', 'C', 'A', 'A'), ('C', 'A', 'A', 'C', 'T', 'A'), ('C', 'A', 'A', 'C', 'A', 'G'), ('A', 'A', 'A', 'C', 'A', 'A'), ('C', 'A', 'C', 'A', 'A', 'A'), ('C', 'A', 'A', 'G', 'A', 'A'), ('A', 'C', 'A', 'C', 'A', 'A')]",0.0,"[7.32288909e-01 4.40324926e-02 2.98228444e-02 1.02092244e-10
 4.50111106e-02 5.57761761e-02 9.30684668e-02]",-397.1730847336282,839.8235943985572
2-20,6-NA,,,,,,
2-20,7-M,,,,,,
2-20,8-NS,[527],"[('T',), ('A',)]",0.0,[0.11325611 0.88674389],,
2-21,1-PB2,"[1112, 1330, 1628, 2061]","[('C', 'G', 'A', 'G'), ('C', 'G', 'G', 'G'), ('C', 'T', 'A', 'G'), ('C', 'G', 'A', 'A'), ('T', 'G', 'A', 'G')]",0.0,[0.7387142  0.0893832  0.07239466 0.06374336 0.03576458],-324.71963772739946,684.6200179235516
2-21,2-PB1,"[1841, 1888]","[('A', 'C'), ('A', 'T'), ('G', 'C')]",0.0,[0.90171872 0.05429767 0.04398362],-128.4506213232171,274.8378999411376
2-21,3-PA,"[453, 816]","[('T', 'T'), ('T', 'G'), ('A', 'T')]",0.0,[0.93340747 0.03702713 0.0295654 ],-40.136686091847885,97.1345747808472
2-21,4-HA,"[933, 1045, 1171, 1207, 1410]","[('T', 'G', 'G', 'A', 'A'), ('T', 'G', 'G', 'A', 'T'), ('T', 'G', 'G', 'G', 'A')]",1.0,[0.62281703 0.21616649 0.1510928  0.00992368],-260.08472169538817,544.1353015792084
2-21,5-NP,"[20, 318]","[('A', 'A'), ('A', 'G'), ('C', 'G')]",0.0,[0.83040977 0.13728512 0.03230512],-243.79300401279832,506.7667802874485
2-21,6-NA,"[5, 297, 647]","[('T', 'T', 'C'), ('C', 'T', 'C'), ('T', 'G', 'T')]",0.0,[0.86681442 0.08340402 0.04978156],-209.0752641449453,437.3010481945426
2-21,7-M,"[694, 756]","[('G', 'G'), ('A', 'G'), ('G', 'A')]",0.0,[0.92285431 0.03867256 0.03847314],-115.64001312160872,249.1241312107594
2-21,8-NS,"[313, 582]","[('C', 'C'), ('C', 'T'), ('A', 'C')]",0.0,[0.83628658 0.08839837 0.07531506],-257.1241332810564,534.4556066048398
2-23,1-PB2,,,,,,
2-23,2-PB1,"[582, 1259, 1758, 1929]","[('C', 'G', 'G', 'T'), ('C', 'G', 'A', 'T')]",1.0,[0.93195544 0.05808329 0.00996127],-120.71096855639996,260.8758428197057
2-23,3-PA,"[119, 617, 837, 891]","[('C', 'A', 'G', 'C'), ('C', 'G', 'G', 'C')]",1.0,[0.94284694 0.0471929  0.00996016],-240.20366474539105,501.52368011494775
2-23,4-HA,"[195, 1083, 1410]","[('C', 'G', 'A'), ('C', 'G', 'T')]",1.0,[0.68002733 0.31001258 0.00996009],-204.54309882511532,429.83039032838633
2-23,5-NP,"[18, 20, 22, 401, 493, 1076]","[('C', 'A', 'C', 'C', 'T', 'C')]",1.0,[0.99000922 0.00999078],-308.021363974848,630.2787603586266
2-23,6-NA,[151],"[('G',), ('A',)]",0.0,[0.03633218 0.96366782],,
2-23,7-M,"[416, 640]","[('C', 'C'), ('A', 'C'), ('C', 'A')]",0.0,[0.93470489 0.04267899 0.02261612],-161.90408065309518,344.6577306711927
2-23,8-NS,,,,,,
2-24,1-PB2,"[22, 424, 1077, 1872, 2039]","[('A', 'A', 'G', 'T', 'A'), ('A', 'A', 'A', 'T', 'A')]",1.0,[0.88323413 0.10681722 0.00994865],-638.7077823167074,1301.8083915401105
2-24,2-PB1,"[645, 1068, 1270, 1630, 2124]","[('A', 'G', 'C', 'G', 'G'), ('A', 'G', 'T', 'G', 'G')]",1.0,[0.93177462 0.05822558 0.0099998 ],-633.4838501009967,1291.4380913420205
2-24,3-PA,"[307, 506, 962, 1758]","[('C', 'C', 'A', 'T'), ('T', 'C', 'A', 'T'), ('C', 'A', 'A', 'T'), ('C', 'C', 'A', 'G'), ('C', 'C', 'G', 'T')]",0.0,[0.77244775 0.08937112 0.05334862 0.04397351 0.040859  ],-1275.1497384914976,2592.567548031861
2-24,4-HA,"[53, 1274, 1410]","[('A', 'A', 'A'), ('A', 'A', 'T'), ('G', 'A', 'A'), ('A', 'C', 'A')]",0.0,[0.60269954 0.25199152 0.08689679 0.05841215],-1190.7141468509835,2413.627278865776
2-24,5-NP,"[18, 20, 200, 1202, 1303]","[('C', 'A', 'T', 'C', 'G'), ('C', 'A', 'C', 'C', 'G')]",1.0,[0.8919522  0.09805748 0.00999032],-2621.616637739728,5270.543544748345
2-24,6-NA,"[291, 445, 479, 771, 1155, 1166]","[('G', 'T', 'C', 'A', 'A', 'A'), ('G', 'T', 'T', 'A', 'A', 'A'), ('G', 'T', 'C', 'A', 'G', 'G')]",1.0,[0.81206454 0.06032502 0.11762871 0.00998173],-3759.84148437345,7555.666603791956
2-24,7-M,"[345, 771, 831, 832]","[('G', 'T', 'T', 'C'), ('A', 'T', 'T', 'C'), ('G', 'C', 'T', 'C'), ('G', 'T', 'C', 'C'), ('G', 'T', 'C', 'T')]",0.0,[0.70402808 0.0507819  0.04673929 0.15458534 0.04386539],-1263.043818707072,2567.846871108285
2-24,8-NS,"[15, 43, 273]","[('C', 'C', 'T'), ('C', 'T', 'T'), ('T', 'C', 'T'), ('C', 'C', 'C')]",0.0,[0.86897306 0.0653535  0.04492987 0.02074357],-2561.10726602903,5156.526932563339
2-25,1-PB2,"[416, 417, 612, 1077, 1078, 1300, 2024]","[('T', 'T', 'G', 'G', 'T', 'C', 'T'), ('T', 'T', 'G', 'G', 'C', 'C', 'T'), ('T', 'T', 'G', 'G', 'T', 'T', 'T'), ('C', 'C', 'G', 'G', 'T', 'C', 'T')]",1.0,[0.69232355 0.16278127 0.06789212 0.06700669 0.00999637],-474.43772300676943,985.0679302180106
2-25,2-PB1,"[907, 1921]","[('A', 'A'), ('A', 'G'), ('G', 'A')]",0.0,[0.88998915 0.05867943 0.05133142],-85.25766273068007,188.4595680951236
2-25,3-PA,"[586, 1037, 1391]","[('A', 'A', 'A'), ('G', 'A', 'A'), ('A', 'G', 'A'), ('A', 'A', 'G')]",0.0,[0.83070899 0.06978906 0.05499305 0.0445089 ],-113.97421455058748,252.4384003392325
2-25,4-HA,"[588, 824, 1381, 1410, 1429, 1458]","[('T', 'G', 'A', 'A', 'A', 'C'), ('T', 'A', 'A', 'A', 'A', 'C'), ('T', 'G', 'A', 'T', 'A', 'C'), ('T', 'A', 'A', 'T', 'A', 'C'), ('C', 'A', 'A', 'A', 'A', 'C'), ('T', 'G', 'A', 'A', 'A', 'T')]",1.0,"[0.21050755 0.22582666 0.15035013 0.08195527 0.1895418  0.13185546
 0.00996312]",-475.04240438844215,994.8399440545386
2-25,5-NP,"[18, 20, 186, 200, 652, 964, 1108, 1228]","[('C', 'A', 'A', 'T', 'G', 'C', 'A', 'C'), ('C', 'A', 'A', 'C', 'G', 'C', 'A', 'C'), ('C', 'A', 'G', 'T', 'G', 'C', 'A', 'C'), ('A', 'C', 'A', 'T', 'G', 'C', 'A', 'C')]",1.0,[0.39586701 0.32324938 0.22649729 0.04439373 0.00999259],-1118.1438719332004,2274.2546148320075
2-25,6-NA,"[34, 348]","[('C', 'A'), ('C', 'G'), ('T', 'A')]",0.0,[0.85379579 0.0926979  0.05350631],-77.99164056443146,171.8176251065545
2-25,7-M,"[389, 683, 685]","[('T', 'G', 'C'), ('T', 'G', 'G'), ('C', 'A', 'C')]",0.0,[0.92579791 0.04299225 0.03120984],-281.07294696362897,583.246413380121
2-25,8-NS,,,,,,
2-26,1-PB2,[1067],"[('C',), ('T',)]",0.0,[0.39099526 0.60900474],,
2-26,2-PB1,"[72, 146, 151, 153, 157, 158, 163, 173, 174, 175, 176, 177, 181, 182, 186, 187, 322, 2101]","[('T', 'A', 'G', 'A', 'G', 'G', 'T', 'A', 'C', 'A', 'C', 'A', 'A', 'C', 'T', 'G', 'C', 'C')]",1.0,[0.99000405 0.00999595],-4278.542675227508,8573.101416148955
2-26,3-PA,"[147, 314, 666]","[('G', 'T', 'C'), ('G', 'T', 'T')]",1.0,[0.92550049 0.06452404 0.00997548],-915.2077862975619,1855.492274432389
2-26,4-HA,[1410],"[('T',), ('A',)]",0.0,[0.24759461 0.75240539],,
2-26,5-NP,"[18, 20, 22, 50, 111, 735]","[('C', 'A', 'C', 'G', 'G', 'T')]",1.0,[0.9900052 0.0099948],-1901.7050270155235,3821.170668749014
2-26,6-NA,[47],"[('C',), ('A',)]",0.0,[0.0206852 0.9793148],,
2-26,7-M,"[825, 831, 832]","[('T', 'T', 'C'), ('T', 'C', 'T'), ('C', 'T', 'C')]",0.0,[0.83453991 0.11782351 0.04763658],-1006.2884867506198,2036.2408515110394
2-26,8-NS,"[540, 558]","[('C', 'A'), ('C', 'G'), ('T', 'A')]",0.0,[0.90745508 0.05423371 0.03831121],-908.3551336691072,1840.6564919634577
2-28,1-PB2,"[47, 330, 982, 1418, 1704, 1727, 1893]","[('C', 'T', 'T', 'T', 'C', 'A', 'G'), ('C', 'T', 'T', 'T', 'T', 'A', 'G'), ('C', 'C', 'T', 'T', 'C', 'A', 'G'), ('C', 'T', 'T', 'C', 'C', 'A', 'G')]",1.0,[0.51464324 0.28934509 0.09496419 0.09120008 0.0098474 ],-382.37900328205785,799.805051227659
2-28,2-PB1,[991],"[('T',), ('G',)]",0.0,[0.17307692 0.82692308],,
2-28,3-PA,[1826],"[('G',), ('A',)]",0.0,[0.05504587 0.94495413],,
2-28,4-HA,"[611, 1394, 1410, 1515]","[('A', 'A', 'A', 'A'), ('A', 'A', 'T', 'A'), ('A', 'G', 'A', 'G'), ('G', 'A', 'A', 'A')]",0.0,[0.35532589 0.23309609 0.26176076 0.14981726],-351.67964722516825,727.0024810264986
2-28,5-NP,"[62, 1237, 1362]","[('A', 'T', 'A'), ('A', 'T', 'G'), ('C', 'T', 'A'), ('A', 'C', 'A')]",0.0,[0.83418552 0.10023423 0.03472334 0.03085692],-279.61045741985413,586.5659519488165
2-28,6-NA,,,,,,
2-28,7-M,"[576, 831, 832]","[('A', 'T', 'C'), ('G', 'T', 'C'), ('A', 'C', 'T')]",0.0,[0.76985751 0.13745479 0.0926877 ],-417.5257158869008,855.4586160637746
2-28,8-NS,,,,,,
2-30,1-PB2,,,,,,
2-30,2-PB1,[1131],"[('T',), ('C',)]",0.0,[0.02906977 0.97093023],,
2-30,3-PA,,,,,,
2-30,4-HA,"[171, 573, 1410]","[('A', 'C', 'A'), ('A', 'A', 'A'), ('A', 'C', 'T')]",1.0,[0.2010671  0.40235575 0.38676236 0.00981479],-694.9812024142842,1419.231254462008
2-30,5-NP,"[18, 20, 21, 22, 22]","[('C', 'A', 'A', 'C'), ('A', 'C', 'A', 'C')]",1.0,[0.90056416 0.08948641 0.00994942],-255.35810690946772,528.1406412888769
2-30,6-NA,,,,,,
2-30,7-M,,,,,,
2-30,8-NS,,,,,,
2-31,1-PB2,[1448],"[('G',), ('T',)]",0.0,[0.03365385 0.96634615],,
2-31,2-PB1,"[462, 626, 1265]","[('C', 'A', 'C'), ('T', 'A', 'C'), ('C', 'G', 'C'), ('C', 'A', 'T')]",0.0,[0.81282242 0.07317625 0.07792397 0.03607736],-128.5968026460697,281.9384397877414
2-31,3-PA,"[115, 291]","[('T', 'A'), ('T', 'C'), ('C', 'A')]",0.0,[0.92807917 0.0432297  0.02869113],-194.11366262666982,408.04321901618414
2-31,4-HA,"[358, 1128, 1410, 1484]","[('G', 'A', 'A', 'G'), ('G', 'A', 'T', 'G'), ('G', 'A', 'A', 'A'), ('G', 'G', 'A', 'G')]",1.0,[0.36633592 0.4247626  0.14471589 0.05421394 0.00997166],-495.3410915122556,1027.2549471861316
2-31,5-NP,"[18, 20, 21]","[('C', 'A', 'A'), ('A', 'C', 'G')]",0.0,[0.94164426 0.05835574],-92.0726829228406,194.48633383575756
2-31,6-NA,"[750, 1133]","[('G', 'C'), ('G', 'T'), ('A', 'C')]",0.0,[0.90923506 0.06292577 0.02783916],-213.2357317493129,447.2364380510792
2-31,7-M,[124],"[('A',), ('C',)]",0.0,[0.02425373 0.97574627],,
2-31,8-NS,"[319, 360]","[('C', 'C'), ('C', 'T'), ('A', 'C')]",0.0,[0.94345153 0.0290728  0.02747567],-238.8689785839933,498.5644272850851
2-32,1-PB2,[1390],"[('T',), ('C',)]",0.0,[0.20699708 0.79300292],,
2-32,2-PB1,"[470, 846, 1114]","[('C', 'G', 'A'), ('C', 'G', 'T'), ('T', 'G', 'A'), ('C', 'A', 'A')]",0.0,[0.45315979 0.47830107 0.03676108 0.03177805],-258.1240138117866,541.6655077867629
2-32,3-PA,[941],"[('C',), ('T',)]",0.0,[0.02643172 0.96475771],,
2-32,4-HA,"[1084, 1410]","[('G', 'A'), ('G', 'T'), ('A', 'A')]",0.0,[0.43030534 0.40278041 0.16691425],-208.2115972476411,434.38255051113543
2-32,5-NP,,,,,,
2-32,6-NA,,,,,,
2-32,7-M,,,,,,
2-32,8-NS,"[319, 503]","[('C', 'G'), ('C', 'A'), ('A', 'G')]",0.0,[0.76181904 0.20247313 0.03570782],-364.52287954062416,750.1778577730723
3-1,1-PB2,"[856, 1027, 2008]","[('A', 'G', 'A'), ('A', 'G', 'G'), ('G', 'A', 'A')]",0.0,[0.90919335 0.04990803 0.04089863],-62.724739211844685,142.24474430068452
3-1,2-PB1,[2143],"[('A',), ('G',)]",0.0,[0.04444444 0.95555556],,
3-1,3-PA,[755],"[('G',), ('A',)]",0.0,[0.06976744 0.93023256],,
3-1,4-HA,"[837, 1123, 1410, 1415, 1634]","[('A', 'G', 'A', 'A', 'T'), ('A', 'G', 'T', 'A', 'T')]",1.0,[0.51811054 0.47192284 0.00996662],-576.0717903287684,1174.7606618250088
3-1,5-NP,"[92, 232, 320]","[('G', 'T', 'A'), ('A', 'T', 'A')]",1.0,[0.93072561 0.05930162 0.00997276],-186.28208803293086,392.56886081111406
3-1,6-NA,"[102, 395, 587, 641, 740, 1072]","[('A', 'C', 'T', 'C', 'C', 'G'), ('A', 'C', 'T', 'C', 'T', 'G'), ('A', 'C', 'T', 'C', 'C', 'A')]",1.0,[0.53884    0.3941339  0.05708582 0.00994029],-748.8765620487634,1528.0493041190155
3-1,7-M,,,,,,
3-1,8-NS,"[90, 274]","[('C', 'G'), ('C', 'A'), ('T', 'G')]",0.0,[0.90354333 0.06318552 0.03327116],-246.5773376197644,513.1897015834918
3-10,1-PB2,"[286, 458, 1124, 1361]","[('G', 'A', 'G', 'T'), ('G', 'A', 'A', 'T'), ('G', 'A', 'G', 'C'), ('A', 'A', 'G', 'T'), ('G', 'G', 'G', 'T')]",0.0,[0.76852988 0.07778789 0.0516734  0.05063386 0.05137498],-167.37773562021098,367.2769121081051
3-10,2-PB1,"[1323, 1798, 2175]","[('C', 'A', 'T'), ('A', 'A', 'T'), ('C', 'G', 'T'), ('C', 'A', 'C')]",0.0,[0.72239884 0.1732546  0.07473308 0.02961348],-128.7936575333913,282.5717421287088
3-10,3-PA,[787],"[('G',), ('A',)]",0.0,[0.04 0.96],,
3-10,4-HA,"[1239, 1377, 1410]","[('G', 'G', 'A'), ('G', 'G', 'T'), ('A', 'G', 'T'), ('A', 'G', 'A'), ('G', 'A', 'A')]",0.0,[0.3032111  0.52072286 0.01582386 0.08435342 0.07588876],-192.06491291051555,413.7644559508831
3-10,5-NP,,,,,,
3-10,6-NA,"[794, 924]","[('A', 'A'), ('G', 'A'), ('A', 'G')]",0.0,[0.93030721 0.04542829 0.0242645 ],-112.7733347191911,244.3596347339571
3-10,7-M,,,,,,
3-10,8-NS,[319],"[('T',), ('C',)]",0.0,[0.02236025 0.97763975],,
3-15,1-PB2,"[25, 163, 431, 519, 827, 2099, 2149]","[('G', 'T', 'A', 'G', 'C', 'A', 'G'), ('G', 'T', 'A', 'G', 'C', 'G', 'G'), ('G', 'T', 'A', 'A', 'C', 'A', 'G')]",1.0,[0.8638338  0.05914687 0.06705459 0.00996474],-493.6747589609863,1016.7154533314254
3-15,2-PB1,"[141, 223, 444, 477, 533, 1458, 1592, 1648, 1804, 2028, 2068, 2255]","[('C', 'A', 'A', 'G', 'A', 'A', 'A', 'C', 'C', 'C', 'C', 'A'), ('C', 'A', 'G', 'G', 'A', 'A', 'A', 'C', 'C', 'C', 'C', 'A'), ('C', 'A', 'A', 'A', 'A', 'A', 'A', 'C', 'C', 'C', 'C', 'A')]",1.0,[0.75796233 0.1406255  0.09141506 0.00999711],-562.5638460269176,1151.9795168565433
3-15,3-PA,"[169, 1183, 2107, 2139]","[('C', 'G', 'A', 'T'), ('C', 'G', 'G', 'T')]",1.0,[0.9157631 0.0742432 0.0099937],-190.7169450839516,401.55814241946234
3-15,4-HA,"[19, 106, 379, 405, 451, 702, 830, 972, 1195, 1410, 1440]","[('G', 'G', 'T', 'C', 'A', 'A', 'A', 'A', 'G', 'A', 'C'), ('G', 'G', 'T', 'C', 'A', 'A', 'A', 'A', 'G', 'T', 'C')]",1.0,[0.59310398 0.3968986  0.00999742],-543.7348297517862,1109.5096249931019
3-15,5-NP,"[355, 635, 642, 1071, 1329, 1352]","[('G', 'G', 'G', 'A', 'A', 'C'), ('G', 'G', 'G', 'G', 'A', 'C'), ('G', 'A', 'G', 'A', 'A', 'C')]",1.0,[0.86845893 0.05622696 0.06536976 0.00994434],-594.2501034079705,1218.5746356832021
3-15,6-NA,"[250, 374, 660, 812, 1136]","[('A', 'C', 'G', 'C', 'A'), ('G', 'C', 'G', 'C', 'A'), ('G', 'T', 'G', 'C', 'A')]",1.0,[0.87154273 0.016819   0.10171136 0.00992691],-274.50316453988097,575.9541969117695
3-15,7-M,,,,,,
3-15,8-NS,"[153, 265, 739]","[('C', 'T', 'A'), ('T', 'T', 'A'), ('C', 'T', 'G'), ('C', 'C', 'A')]",0.0,[0.81277607 0.11533536 0.05003094 0.02185764],-600.7610582531961,1231.477528329326
3-20,1-PB2,"[44, 596, 713, 1071, 1836]","[('G', 'C', 'C', 'T', 'T'), ('G', 'C', 'C', 'C', 'T'), ('G', 'C', 'C', 'T', 'C'), ('A', 'C', 'C', 'T', 'T'), ('G', 'T', 'C', 'T', 'T'), ('G', 'C', 'A', 'T', 'T')]",0.0,[0.70925804 0.07184278 0.06931381 0.05815851 0.05315703 0.03826983],-158.69779348720962,355.6047100925223
3-20,2-PB1,"[304, 795, 1196, 1209, 1318, 1686, 1714]","[('A', 'G', 'G', 'G', 'G', 'C', 'A'), ('A', 'G', 'G', 'G', 'G', 'T', 'A'), ('C', 'G', 'G', 'G', 'G', 'C', 'A'), ('A', 'G', 'G', 'G', 'A', 'C', 'A')]",1.0,[0.43128952 0.39199582 0.08595562 0.0807802  0.00997884],-222.27325227827458,474.74777811293626
3-20,3-PA,"[77, 256, 270, 383, 555, 629, 811, 1356, 1791, 2040]","[('A', 'A', 'G', 'A', 'G', 'C', 'C', 'C', 'G', 'C'), ('A', 'A', 'G', 'A', 'G', 'C', 'A', 'C', 'G', 'C'), ('A', 'A', 'G', 'A', 'A', 'C', 'C', 'C', 'G', 'C'), ('A', 'A', 'G', 'A', 'G', 'C', 'C', 'C', 'A', 'C'), ('A', 'A', 'G', 'A', 'G', 'C', 'C', 'C', 'G', 'T')]",1.0,[0.60480352 0.13054206 0.09733097 0.08366209 0.07382048 0.0098409 ],-617.1126983592164,1276.5417230138266
3-20,4-HA,"[219, 478, 935, 939, 1580]","[('C', 'A', 'T', 'T', 'T'), ('C', 'G', 'T', 'T', 'T')]",1.0,[0.92318933 0.06682419 0.00998647],-111.04388447602649,240.59031842471802
3-20,5-NP,"[322, 459, 568, 917, 1175, 1384]","[('C', 'G', 'G', 'T', 'G', 'G'), ('C', 'A', 'G', 'T', 'G', 'G'), ('C', 'G', 'A', 'T', 'G', 'G')]",1.0,[0.74968758 0.18766912 0.05274492 0.00989839],-270.73130337748415,566.0135149713133
3-20,6-NA,,,,,,
3-20,7-M,"[178, 609, 767]","[('T', 'G', 'G'), ('C', 'G', 'G'), ('T', 'A', 'G'), ('T', 'G', 'A')]",0.0,[0.86427794 0.06424195 0.04091437 0.03056574],-79.73233948774691,182.46225091912686
3-20,8-NS,,,,,,
3-22,1-PB2,"[178, 309, 1030]","[('G', 'C', 'G'), ('G', 'T', 'G'), ('G', 'C', 'A'), ('A', 'C', 'G')]",0.0,[0.85399691 0.06747907 0.05285248 0.02567154],-258.0817597613086,543.8776707952759
3-22,2-PB1,"[276, 700, 1157, 1265, 1332]","[('G', 'G', 'A', 'C', 'C'), ('G', 'A', 'A', 'C', 'C'), ('G', 'G', 'A', 'T', 'C'), ('G', 'G', 'G', 'C', 'C'), ('G', 'G', 'A', 'C', 'T'), ('A', 'G', 'A', 'C', 'C')]",0.0,[0.49206336 0.15848073 0.13145631 0.12038729 0.05304002 0.04457228],-293.6254725716746,625.6624483237124
3-22,3-PA,[962],"[('G',), ('A',)]",0.0,[0.07407407 0.92592593],,
3-22,4-HA,"[682, 1410]","[('A', 'A'), ('G', 'A'), ('A', 'T')]",0.0,[0.80992485 0.15325133 0.03682381],-73.58111980481806,163.64142393965776
3-22,5-NP,"[371, 805, 1007]","[('A', 'T', 'C'), ('G', 'T', 'C'), ('A', 'C', 'C'), ('A', 'T', 'T')]",0.0,[0.87713242 0.05663303 0.03636692 0.02986763],-121.1228197419573,267.62818492722903
3-22,6-NA,"[934, 1351]","[('A', 'A'), ('G', 'A'), ('A', 'G')]",0.0,[0.88940369 0.08709384 0.02350247],-158.44812969623624,335.7820573967914
3-22,7-M,"[372, 831]","[('T', 'T'), ('T', 'C'), ('C', 'T')]",0.0,[0.9076371  0.05816525 0.03419765],-59.835521168208,137.45182041432724
3-22,8-NS,"[14, 303, 704, 740]","[('C', 'C', 'T', 'A'), ('C', 'T', 'T', 'A')]",1.0,[0.93341755 0.05658769 0.00999476],-209.38472069647042,438.43977646141485
3-24,1-PB2,,,,,,
3-24,2-PB1,"[921, 1362, 2157]","[('T', 'A', 'G'), ('T', 'G', 'G'), ('C', 'A', 'G'), ('T', 'A', 'A')]",0.0,[0.8208819  0.09439286 0.04620692 0.03851832],-158.56579154916494,343.8247749694005
3-24,3-PA,"[172, 460, 955]","[('G', 'G', 'G'), ('G', 'G', 'A'), ('G', 'A', 'G'), ('A', 'G', 'G')]",0.0,[0.8787819  0.05885366 0.03347055 0.02889388],-146.15090739227094,319.41695437528256
3-24,4-HA,"[194, 201, 411, 519, 804, 1249, 1410, 1610]","[('C', 'G', 'A', 'T', 'G', 'C', 'A', 'T'), ('C', 'G', 'A', 'T', 'G', 'C', 'T', 'T'), ('C', 'G', 'A', 'T', 'C', 'C', 'A', 'T')]",1.0,[0.53013756 0.35713768 0.10272608 0.00999868],-399.6755356561621,827.7774958632333
3-24,5-NP,"[101, 391, 649, 773]","[('G', 'G', 'G', 'T'), ('G', 'G', 'G', 'C')]",1.0,[0.92915045 0.06085753 0.00999202],-395.4155896634969,813.1866460365777
3-24,6-NA,[289],"[('A',), ('G',)]",0.0,[0.09039548 0.90960452],,
3-24,7-M,"[101, 739, 752, 924]","[('G', 'C', 'T', 'A'), ('G', 'C', 'T', 'T')]",1.0,[0.92820741 0.06182792 0.00996467],-165.66300801738566,350.18959171525665
3-24,8-NS,[49],"[('T',), ('C',)]",0.0,[0.02955665 0.97044335],,
3-25,1-PB2,"[205, 1247]","[('G', 'G'), ('A', 'G'), ('G', 'T')]",0.0,[0.83641195 0.12619341 0.03739464],-138.83128626825987,296.603216675351
3-25,2-PB1,,,,,,
3-25,3-PA,,,,,,
3-25,4-HA,"[1408, 1410]","[('T', 'A'), ('A', 'T')]",0.0,[0.8153686 0.1846314],-164.1891183006751,339.35611205366354
3-25,5-NP,,,,,,
3-25,6-NA,,,,,,
3-25,7-M,[418],"[('G',), ('A',)]",0.0,[0.05263158 0.94736842],,
3-25,8-NS,,,,,,
3-26,1-PB2,"[51, 540]","[('C', 'G'), ('C', 'A'), ('A', 'G')]",0.0,[0.90281025 0.06800012 0.02918963],-160.57927210906018,341.2754615027004
3-26,2-PB1,"[35, 852, 1137]","[('T', 'T', 'G')]",1.0,[0.99001009 0.00998991],-120.68178224030704,254.73778169634707
3-26,3-PA,"[98, 556, 582, 617, 1092]","[('A', 'A', 'C', 'A', 'C'), ('A', 'A', 'C', 'A', 'T')]",1.0,[0.92825756 0.06176831 0.00997413],-306.77226134662874,634.9635037011523
3-26,4-HA,"[777, 1408, 1410]","[('C', 'T', 'A'), ('C', 'A', 'T'), ('T', 'T', 'A')]",0.0,[0.91503287 0.06242544 0.02254168],-273.75685467672434,568.3488625446262
3-26,5-NP,[744],"[('C',), ('A',)]",0.0,[0.03452381 0.96428571],,
3-26,6-NA,"[308, 629, 1380]","[('C', 'C', 'G')]",1.0,[0.99002667 0.00997333],-239.6662936312291,494.0336196061262
3-26,7-M,,,,,,
3-26,8-NS,,,,,,
3-28,1-PB2,[1087],"[('C',), ('T',)]",0.0,[0.05389222 0.94610778],,
3-28,2-PB1,"[420, 1020, 1425, 1889, 1986, 2147, 2194]","[('A', 'A', 'C', 'C', 'T', 'A', 'T'), ('A', 'A', 'C', 'A', 'T', 'A', 'T'), ('A', 'G', 'C', 'C', 'T', 'A', 'T'), ('A', 'A', 'A', 'C', 'T', 'A', 'T')]",1.0,[0.57401702 0.25058141 0.08884072 0.0766048  0.00995605],-477.38086480701736,989.419088642032
3-28,3-PA,"[969, 1585]","[('C', 'G'), ('T', 'G'), ('C', 'A')]",0.0,[0.90140192 0.05824746 0.04035062],-171.29231806170833,363.10948255284944
3-28,4-HA,"[378, 1171]","[('A', 'G'), ('G', 'G'), ('A', 'A')]",0.0,[0.945139   0.02923473 0.02562627],-148.7018857890716,318.7087994930016
3-28,5-NP,"[18, 20, 171, 492, 698, 1354]","[('C', 'A', 'C', 'C', 'C', 'A'), ('C', 'A', 'C', 'C', 'A', 'A'), ('C', 'A', 'C', 'T', 'C', 'A'), ('C', 'A', 'C', 'C', 'C', 'G'), ('C', 'A', 'T', 'C', 'C', 'A')]",1.0,[0.62029846 0.14130253 0.08909398 0.05216453 0.08771311 0.0094274 ],-558.4067252371239,1159.4235063039646
3-28,6-NA,[822],"[('C',), ('T',)]",0.0,[0.15584416 0.84415584],,
3-28,7-M,"[516, 831]","[('G', 'T'), ('A', 'T'), ('G', 'C')]",0.0,[0.84873001 0.10592046 0.04534953],-126.12549218360846,269.91761824221555
3-28,8-NS,,,,,,
3-29,1-PB2,,,,,,
3-29,2-PB1,"[518, 1549]","[('C', 'G'), ('A', 'G'), ('C', 'A')]",0.0,[0.89438825 0.05380152 0.05181024],-110.81784909207316,240.5380555681361
3-29,3-PA,[53],"[('G',), ('A',)]",0.0,[0.05800757 0.94199243],,
3-29,4-HA,[1410],"[('T',), ('A',)]",0.0,[0.03513514 0.96486486],,
3-29,5-NP,,,,,,
3-29,6-NA,[822],"[('C',), ('T',)]",0.0,[0.07760532 0.92017738],,
3-29,7-M,"[516, 831]","[('G', 'T'), ('A', 'T'), ('A', 'C')]",0.0,[0.89967483 0.04814341 0.05218176],-169.86208277402943,358.43327431867004
3-29,8-NS,,,,,,
3-30,1-PB2,,,,,,
3-30,2-PB1,"[169, 320, 1737]","[('A', 'G', 'G'), ('A', 'G', 'A'), ('G', 'G', 'G'), ('A', 'A', 'G')]",0.0,[0.88920315 0.04605115 0.0398527  0.024893  ],-223.44450319240798,474.71518815742223
3-30,3-PA,[239],"[('G',), ('A',)]",0.0,[0.0449827 0.9550173],,
3-30,4-HA,[1410],"[('T',), ('A',)]",0.0,[0.03947368 0.96052632],,
3-30,5-NP,[1089],"[('T',), ('C',)]",0.0,[0.02189781 0.97810219],,
3-30,6-NA,"[117, 581, 590]","[('C', 'A', 'C'), ('T', 'A', 'C')]",1.0,[0.69076488 0.29930285 0.00993227],-293.0909415120705,605.8861167583767
3-30,7-M,[476],"[('C',), ('A',)]",0.0,[0.02621723 0.97378277],,
3-30,8-NS,[461],"[('A',), ('G',)]",0.0,[0.02953586 0.97046414],,
3-6,1-PB2,"[788, 1156]","[('C', 'G'), ('A', 'G'), ('C', 'A')]",0.0,[0.94056769 0.03056894 0.02886336],-114.10572233782341,248.2839715079025
3-6,2-PB1,"[986, 2164]","[('A', 'G'), ('A', 'A'), ('G', 'G')]",0.0,[0.89759319 0.05509383 0.04731298],-79.37769396786301,176.68444066361985
3-6,3-PA,"[56, 1064, 1230, 1297, 1653, 1709]","[('A', 'C', 'A', 'G', 'G', 'C')]",1.0,[0.99001293 0.00998707],-281.0662004054684,576.1941157631691
3-6,4-HA,"[596, 1410, 1511]","[('C', 'T', 'C'), ('C', 'A', 'C')]",1.0,[0.52503783 0.46497424 0.00998794],-247.34852561963646,516.3537803621301
3-6,5-NP,,,,,,
3-6,6-NA,[960],"[('G',), ('A',)]",0.0,[0.04651163 0.95348837],,
3-6,7-M,[831],"[('C',), ('T',)]",0.0,[0.03508772 0.96491228],,
3-6,8-NS,"[324, 331]","[('G', 'A'), ('A', 'A'), ('G', 'G')]",0.0,[0.94457726 0.03012162 0.02530112],-160.54004422051185,341.46720576654417
3-7,1-PB2,[423],"[('G',), ('A',)]",0.0,[0.12403101 0.87596899],,
3-7,2-PB1,"[453, 695, 1129, 1351, 1405, 1571, 1712, 2008]","[('A', 'A', 'G', 'G', 'A', 'G', 'G', 'A'), ('A', 'A', 'G', 'A', 'A', 'G', 'G', 'A'), ('A', 'A', 'G', 'G', 'A', 'G', 'A', 'A')]",1.0,[0.66424797 0.25610832 0.06965873 0.00998497],-299.296835757697,623.8623302623831
3-7,3-PA,"[278, 523, 2130, 2140]","[('G', 'C', 'C', 'G'), ('G', 'C', 'C', 'A'), ('A', 'C', 'C', 'G'), ('G', 'T', 'C', 'G'), ('G', 'C', 'T', 'G')]",0.0,[0.80599222 0.0817104  0.03755252 0.03581021 0.03893465],-212.62876979457562,458.3977464700489
3-7,4-HA,"[168, 181, 346, 863, 1293, 1410]","[('G', 'C', 'G', 'C', 'T', 'A'), ('G', 'C', 'G', 'C', 'G', 'A'), ('G', 'C', 'G', 'C', 'T', 'T')]",1.0,[0.22830671 0.39621859 0.3654821  0.0099926 ],-242.7383650912932,509.42253820372423
3-7,5-NP,"[215, 227, 740, 895, 1307]","[('A', 'A', 'A', 'G', 'G'), ('A', 'A', 'A', 'G', 'A'), ('G', 'A', 'A', 'G', 'G'), ('A', 'A', 'G', 'G', 'G')]",1.0,[0.54508823 0.18276005 0.13495612 0.12730598 0.00988961],-530.6337090532023,1097.0209253943676
3-7,6-NA,"[1079, 1222, 1307, 1355, 1361]","[('G', 'A', 'T', 'T', 'T'), ('A', 'A', 'T', 'T', 'T')]",1.0,[0.85226814 0.13778768 0.00994417],-97.51339162194701,209.0452697472797
3-7,7-M,"[111, 125, 671, 789]","[('A', 'T', 'G', 'G'), ('A', 'T', 'A', 'G')]",1.0,[0.85364037 0.1363722  0.00998743],-227.05715677834175,473.02765996394953
3-7,8-NS,[135],"[('G',), ('A',)]",0.0,[0.29072165 0.70927835],,
4-1,1-PB2,"[1197, 1544, 1731]","[('T', 'C', 'T'), ('A', 'C', 'T'), ('T', 'C', 'A'), ('T', 'T', 'T')]",0.0,[0.89441867 0.04272539 0.03154857 0.03130737],-167.81213378296115,362.5626342058141
4-1,2-PB1,"[125, 977, 1909, 1922, 2182]","[('C', 'C', 'A', 'A', 'G'), ('C', 'C', 'A', 'A', 'A'), ('C', 'C', 'G', 'A', 'G'), ('C', 'C', 'A', 'C', 'G')]",1.0,[0.54862726 0.25518087 0.121585   0.06464676 0.00996011],-277.9631350408461,588.3798877542049
4-1,3-PA,"[348, 962, 1006, 1673]","[('G', 'A', 'A', 'C'), ('A', 'A', 'A', 'C')]",1.0,[0.94386593 0.04616    0.00997406],-243.30105707684967,508.14460775083313
4-1,4-HA,"[282, 596, 801]","[('C', 'C', 'A'), ('C', 'A', 'A'), ('C', 'C', 'G'), ('T', 'C', 'A')]",0.0,[0.88787505 0.05398869 0.03585492 0.02228133],-284.64746970448505,598.7959625210092
4-1,5-NP,"[585, 1173, 1496]","[('A', 'G', 'G'), ('G', 'G', 'G')]",1.0,[0.93625103 0.05376043 0.00998854],-347.4929134185477,717.3741943093328
4-1,6-NA,"[495, 846, 1101]","[('G', 'C', 'A'), ('A', 'C', 'A')]",1.0,[0.95373073 0.03631176 0.0099575 ],-184.83532687746086,390.8158129810873
4-1,7-M,[489],"[('C',), ('A',)]",0.0,[0.03559871 0.96440129],,
4-1,8-NS,,,,,,
4-10,1-PB2,"[699, 1903]","[('C', 'T'), ('C', 'C'), ('T', 'T')]",0.0,[0.93061131 0.03629366 0.03309503],-52.9272491065949,123.52113208818844
4-10,2-PB1,"[1268, 1473]","[('T', 'A'), ('C', 'A'), ('T', 'G')]",0.0,[0.90818198 0.04991471 0.0419033 ],-45.19787652156344,106.07299306426648
4-10,3-PA,"[91, 435, 755, 1788]","[('G', 'T', 'A', 'T')]",1.0,[0.99000475 0.00999525],-224.5369539998251,463.5408188368929
4-10,4-HA,"[596, 674, 1410]","[('C', 'A', 'A'), ('C', 'A', 'T')]",1.0,[0.92863369 0.06138417 0.00998214],-202.88862579745137,426.2010564260026
4-10,5-NP,[1290],"[('T',), ('C',)]",0.0,[0.03191489 0.96808511],,
4-10,6-NA,,,,,,
4-10,7-M,"[489, 831, 832]","[('A', 'T', 'C'), ('A', 'C', 'T'), ('C', 'T', 'C')]",0.0,[0.89462035 0.07721207 0.02816758],-254.85105447355411,530.947234705425
4-10,8-NS,,,,,,
4-11,1-PB2,"[229, 936, 2080, 2122, 2166]","[('C', 'G', 'T', 'T', 'T'), ('C', 'G', 'C', 'T', 'T'), ('T', 'G', 'T', 'T', 'T'), ('C', 'G', 'T', 'C', 'C'), ('C', 'A', 'T', 'T', 'T')]",0.0,[0.81137661 0.06618693 0.04006589 0.04961053 0.03276004],-319.1646560633108,672.6587675010387
4-11,2-PB1,"[698, 785, 974, 1297, 2102]","[('G', 'T', 'T', 'A', 'C'), ('G', 'T', 'T', 'G', 'C'), ('G', 'C', 'T', 'A', 'C'), ('G', 'T', 'C', 'A', 'C')]",1.0,[0.6371678  0.15821686 0.11840803 0.07645364 0.00975367],-188.61671553442483,408.9528332394812
4-11,3-PA,"[75, 106, 533, 819, 1246]","[('G', 'G', 'T', 'G', 'G'), ('G', 'G', 'T', 'G', 'A'), ('A', 'G', 'T', 'G', 'G')]",1.0,[0.84697879 0.08671034 0.0564691  0.00984177],-480.19626572283937,989.9729616319287
4-11,4-HA,"[25, 421, 470, 475, 799, 1125, 1410, 1447]","[('C', 'C', 'G', 'A', 'G', 'G', 'A', 'G')]",1.0,[0.99000745 0.00999255],-760.3287323632393,1536.639295652661
4-11,5-NP,"[576, 1372]","[('A', 'T'), ('A', 'C'), ('T', 'T')]",0.0,[0.94085771 0.03297184 0.02617046],-247.73208484598578,518.1863047080882
4-11,6-NA,"[198, 943, 1047]","[('G', 'G', 'T'), ('A', 'G', 'T'), ('G', 'G', 'G'), ('G', 'A', 'T')]",0.0,[0.77260739 0.11149147 0.06553367 0.05036747],-493.9862044919146,1017.0313296955486
4-11,7-M,"[425, 527, 574, 831, 832]","[('C', 'A', 'A', 'T', 'C'), ('A', 'A', 'A', 'T', 'C'), ('C', 'G', 'A', 'T', 'C'), ('A', 'G', 'A', 'T', 'C'), ('C', 'A', 'A', 'C', 'C'), ('C', 'A', 'C', 'T', 'C'), ('A', 'A', 'A', 'C', 'T')]",0.0,"[7.23287351e-01 2.05077488e-02 4.88872337e-02 9.26942658e-11
 1.38914388e-01 3.55342835e-02 3.28689947e-02]",-461.47237975153917,974.2208022087673
4-11,8-NS,[469],"[('A',), ('G',)]",0.0,[0.02338042 0.97661958],,
4-13,1-PB2,"[1331, 1872]","[('T', 'T'), ('C', 'T'), ('T', 'C')]",0.0,[0.93266396 0.03969259 0.02764345],-83.10273518862618,185.18928072843997
4-13,2-PB1,[1941],"[('T',), ('A',)]",0.0,[0.02901786 0.97098214],,
4-13,3-PA,[348],"[('A',), ('G',)]",0.0,[0.02535658 0.97464342],,
4-13,4-HA,"[36, 327, 1143, 1410]","[('T', 'A', 'C', 'A')]",1.0,[0.99002331 0.00997669],-309.10782004741304,633.0156591291516
4-13,5-NP,,,,,,
4-13,6-NA,,,,,,
4-13,7-M,[889],"[('G',), ('A',)]",0.0,[0.02061856 0.97938144],,
4-13,8-NS,,,,,,
4-19,1-PB2,"[467, 2117]","[('C', 'C'), ('A', 'C'), ('C', 'A')]",0.0,[0.9394293 0.0360621 0.0245086],-118.3491028079834,257.17132662609606
4-19,2-PB1,"[86, 387, 824, 1084, 1142, 1361, 1749, 1810]","[('C', 'T', 'G', 'A', 'T', 'C', 'C', 'C'), ('C', 'T', 'G', 'A', 'T', 'C', 'A', 'C')]",1.0,[0.9334024  0.05660598 0.00999163],-355.75766457604965,733.1983166482852
4-19,3-PA,"[255, 872, 882, 1082, 1611, 1642, 2049]","[('C', 'G', 'C', 'A', 'G', 'A', 'T'), ('C', 'G', 'C', 'A', 'A', 'A', 'T'), ('A', 'G', 'C', 'A', 'G', 'A', 'T')]",1.0,[0.86049876 0.0768845  0.05264668 0.00997006],-693.155138759038,1417.9217062831985
4-19,4-HA,"[50, 197, 1146, 1216, 1410, 1646]","[('C', 'C', 'G', 'C', 'A', 'C')]",1.0,[0.99000035 0.00999965],-439.3387174639258,893.382317128339
4-19,5-NP,"[365, 426, 427, 999, 1007, 1036]","[('A', 'C', 'C', 'C', 'C', 'T'), ('A', 'C', 'C', 'A', 'C', 'T'), ('A', 'C', 'T', 'C', 'C', 'T')]",1.0,[0.84706248 0.08278267 0.06031021 0.00984464],-980.3138238473448,1991.4360650548936
4-19,6-NA,"[123, 155, 319, 449, 601, 611]","[('A', 'C', 'G', 'A', 'G', 'T'), ('T', 'C', 'G', 'A', 'G', 'T'), ('A', 'C', 'G', 'A', 'A', 'T'), ('A', 'T', 'G', 'A', 'G', 'T'), ('A', 'C', 'A', 'A', 'G', 'G'), ('A', 'C', 'G', 'G', 'G', 'T')]",0.0,[0.72327897 0.0953286  0.04196873 0.06265838 0.03488529 0.04188003],-426.2097963662477,891.9942758162633
4-19,7-M,"[26, 720, 831, 832]","[('C', 'C', 'T', 'C'), ('C', 'A', 'T', 'C'), ('C', 'C', 'C', 'T'), ('A', 'C', 'T', 'C')]",0.0,[0.87798093 0.03393081 0.06279232 0.02529593],-190.65956289726387,408.63830074457746
4-19,8-NS,"[89, 113, 422, 463]","[('C', 'G', 'T', 'G')]",1.0,[0.9900049 0.0099951],-586.5569989651376,1188.4567197766564
4-22,1-PB2,[2171],"[('A',), ('T',)]",0.0,[0.0471464  0.95037221],,
4-22,2-PB1,,,,,,
4-22,3-PA,,,,,,
4-22,4-HA,,,,,,
4-22,5-NP,,,,,,
4-22,6-NA,[1385],"[('G',), ('A',)]",0.0,[0.04132231 0.95867769],,
4-22,7-M,,,,,,
4-22,8-NS,,,,,,
4-4,1-PB2,"[657, 1336, 1875, 2020]","[('A', 'T', 'A', 'G'), ('A', 'G', 'A', 'G')]",1.0,[0.94150483 0.04850469 0.00999048],-335.78581410149036,694.3441845740465
4-4,2-PB1,"[603, 645, 695, 1346, 2112, 2233]","[('G', 'A', 'A', 'T', 'A', 'A'), ('A', 'A', 'A', 'T', 'A', 'A'), ('G', 'G', 'A', 'T', 'A', 'A'), ('G', 'A', 'A', 'T', 'A', 'G')]",1.0,[0.47735136 0.21554923 0.14914044 0.14806071 0.00989827],-484.008684900666,1001.3457883902445
4-4,3-PA,"[163, 263, 270]","[('G', 'G', 'G'), ('G', 'G', 'A'), ('A', 'G', 'G'), ('G', 'A', 'G')]",0.0,[0.84739219 0.06533923 0.05161728 0.0356513 ],-577.9746444393995,1183.7982627358638
4-4,4-HA,"[69, 1410]","[('T', 'A'), ('T', 'T'), ('C', 'A')]",0.0,[0.90987667 0.05883897 0.03128436],-106.12974228057487,231.45027352679818
4-4,5-NP,[636],"[('G',), ('A',)]",0.0,[0.02245989 0.97754011],,
4-4,6-NA,"[332, 791, 1157]","[('G', 'C', 'C'), ('G', 'T', 'C'), ('A', 'C', 'C'), ('G', 'T', 'T')]",0.0,[0.58174232 0.30121258 0.08296663 0.03407847],-582.8890375735959,1195.2286562288632
4-4,7-M,"[405, 489, 490, 527, 825, 831, 832]","[('G', 'A', 'C', 'A', 'T', 'T', 'C'), ('G', 'A', 'C', 'A', 'C', 'T', 'C')]",1.0,[0.8005707  0.18943474 0.00999457],-470.8311471743713,962.6632977295683
4-4,8-NS,"[39, 285, 293]","[('T', 'C', 'T'), ('C', 'C', 'T'), ('T', 'T', 'T'), ('T', 'C', 'C')]",0.0,[0.90672197 0.03865384 0.03417318 0.02045101],-457.03869425435823,942.6486981133627
4-7,1-PB2,[47],"[('T',), ('C',)]",0.0,[0.03030303 0.96969697],,
4-7,2-PB1,,,,,,
4-7,3-PA,[1786],"[('G',), ('A',)]",0.0,[0.19679634 0.80320366],,
4-7,4-HA,"[208, 1146, 1410, 1563]","[('G', 'G', 'A', 'G')]",1.0,[0.99000488 0.00999512],-227.32986902152425,468.91833314090724
4-7,5-NP,,,,,,
4-7,6-NA,,,,,,
4-7,7-M,"[825, 831]","[('T', 'T'), ('C', 'T'), ('T', 'C')]",0.0,[0.91587073 0.05260231 0.03152696],-37.75188057690127,90.57540271634136
4-7,8-NS,,,,,,
4-9,1-PB2,,,,,,
4-9,2-PB1,"[19, 20, 33, 561, 1268, 1826, 2273]","[('C', 'T', 'A', 'A', 'T', 'T', 'A')]",1.0,[0.99000373 0.00999627],-500.8086020230198,1016.4257622821143
4-9,3-PA,[2055],"[('C',), ('G',)]",0.0,[0.03121853 0.96676737],,
4-9,4-HA,"[860, 1410]","[('C', 'A'), ('C', 'T'), ('A', 'A')]",0.0,[0.93654029 0.03896146 0.02449825],-112.87461958412813,246.0060502966815
4-9,5-NP,,,,,,
4-9,6-NA,[1353],"[('G',), ('A',)]",0.0,[0.02788104 0.97211896],,
4-9,7-M,"[489, 825, 831, 832]","[('A', 'T', 'T', 'C'), ('A', 'C', 'C', 'C'), ('A', 'T', 'C', 'T')]",1.0,[0.74372126 0.20882839 0.03748008 0.00997027],-232.61815245473235,492.3194626051006
4-9,8-NS,,,,,,
6-17,1-PB2,[783],"[('T',), ('C',)]",0.0,[0.05372405 0.94627595],,
6-17,2-PB1,,,,,,
6-17,3-PA,[526],"[('G',), ('T',)]",0.0,[0.08101852 0.91898148],,
6-17,4-HA,"[99, 1410]","[('A', 'A'), ('A', 'T'), ('G', 'A')]",0.0,[0.58130186 0.35321283 0.06548531],-182.0461949264036,382.80149862341835
6-17,5-NP,[211],"[('C',), ('T',)]",0.0,[0.03703704 0.96296296],,
6-17,6-NA,,,,,,
6-17,7-M,"[825, 831]","[('T', 'T'), ('C', 'T'), ('T', 'C')]",0.0,[0.90880289 0.05220859 0.03898852],-57.78259657123783,131.35326370919032
6-17,8-NS,[320],"[('C',), ('T',)]",0.0,[0.41039427 0.58960573],,
6-18,1-PB2,"[216, 612, 783, 1147, 1323]","[('A', 'G', 'C', 'C', 'T'), ('A', 'G', 'T', 'C', 'T'), ('G', 'G', 'C', 'C', 'T')]",1.0,[0.84868014 0.07826042 0.06312095 0.00993849],-500.8745437378025,1032.3153452406489
6-18,2-PB1,"[426, 748, 1054, 1819, 2038, 2216]","[('A', 'G', 'G', 'C', 'A', 'A'), ('A', 'A', 'G', 'C', 'A', 'A'), ('G', 'G', 'G', 'C', 'A', 'A')]",1.0,[0.83858249 0.08624715 0.06518655 0.00998381],-261.6918314840185,551.2815786121372
6-18,3-PA,"[1455, 2135]","[('G', 'C'), ('T', 'C'), ('G', 'T')]",0.0,[0.94662576 0.02812364 0.0252506 ],-117.32756037957458,255.3512643621392
6-18,4-HA,"[138, 243, 1365, 1410, 1453]","[('T', 'T', 'C', 'T', 'T'), ('T', 'T', 'C', 'A', 'T'), ('T', 'T', 'C', 'T', 'C')]",1.0,[0.38856562 0.48548653 0.11596023 0.00998763],-397.9586594086546,823.3725323831212
6-18,5-NP,"[18, 20, 327, 483, 1077]","[('C', 'A', 'C', 'C', 'C'), ('C', 'A', 'C', 'C', 'T'), ('C', 'A', 'T', 'T', 'C'), ('C', 'A', 'C', 'T', 'C'), ('A', 'C', 'C', 'C', 'C')]",0.0,[0.77726536 0.07890268 0.08280951 0.01849031 0.04253214],-166.74724036329843,363.88269194334197
6-18,6-NA,[570],"[('A',), ('C',)]",0.0,[0.041841 0.958159],,
6-18,7-M,"[46, 308, 441, 716, 831]","[('C', 'T', 'G', 'C', 'T'), ('T', 'T', 'G', 'C', 'T')]",1.0,[0.92578247 0.06422522 0.0099923 ],-339.6480622393341,700.8294717272537
6-18,8-NS,"[98, 320, 387, 413, 477]","[('T', 'C', 'A', 'T', 'A'), ('T', 'T', 'A', 'T', 'A'), ('T', 'C', 'A', 'T', 'G')]",1.0,[0.47176185 0.46554409 0.05282889 0.00986518],-757.0936760332434,1543.1413394300641
6-20,1-PB2,"[542, 730, 1514]","[('C', 'T', 'G'), ('C', 'T', 'A'), ('T', 'T', 'G'), ('C', 'C', 'G')]",0.0,[0.81137823 0.09986599 0.05659225 0.03216352],-100.68032492598104,225.16322006231297
6-20,2-PB1,"[1719, 1855]","[('A', 'G'), ('A', 'A'), ('G', 'G')]",0.0,[0.84449304 0.09730069 0.05820626],-34.669794890791024,83.21450822143488
6-20,3-PA,"[548, 1059, 1155, 1774]","[('C', 'G', 'A', 'A'), ('C', 'A', 'A', 'A'), ('T', 'G', 'A', 'A'), ('C', 'G', 'C', 'A'), ('C', 'G', 'A', 'G')]",0.0,[0.76980941 0.07605311 0.06663693 0.04437728 0.04312326],-133.93283471087796,299.5053533404019
6-20,4-HA,"[564, 888, 1018, 1410, 1532, 1581]","[('A', 'T', 'T', 'A', 'A', 'T'), ('A', 'T', 'T', 'T', 'A', 'T'), ('A', 'T', 'G', 'A', 'A', 'T')]",1.0,[0.54542126 0.33208235 0.11256117 0.00993522],-170.68095656344542,365.35765937467767
6-20,5-NP,"[815, 1150]","[('A', 'A'), ('G', 'A'), ('A', 'G')]",0.0,[0.89646518 0.05367549 0.04985932],-35.83391939039802,87.19628797851753
6-20,6-NA,"[151, 474, 548, 810, 1075]","[('A', 'A', 'T', 'G', 'T'), ('A', 'A', 'T', 'G', 'C')]",1.0,[0.92397481 0.06603247 0.00999273],-118.714736646652,255.94457508553677
6-20,7-M,,,,,,
6-20,8-NS,"[601, 727]","[('T', 'C'), ('T', 'A'), ('C', 'C')]",0.0,[0.900118   0.06549149 0.03439051],-168.92022325249627,356.3303909170964
6-21,1-PB2,"[883, 1416, 1595, 2233]","[('G', 'G', 'C', 'A'), ('G', 'A', 'C', 'A'), ('A', 'G', 'C', 'A'), ('G', 'G', 'T', 'A'), ('G', 'G', 'C', 'G')]",0.0,[0.59667296 0.15899914 0.09706212 0.08024028 0.0670255 ],-145.5787049972823,321.1396704376598
6-21,2-PB1,"[147, 1069, 1087, 1539, 2051, 2170, 2255, 2262]","[('C', 'T', 'A', 'A', 'A', 'A', 'A', 'A'), ('C', 'T', 'A', 'A', 'A', 'G', 'A', 'A'), ('C', 'T', 'A', 'A', 'A', 'G', 'A', 'G'), ('C', 'C', 'A', 'A', 'A', 'A', 'A', 'A'), ('T', 'T', 'A', 'A', 'A', 'A', 'A', 'A')]",1.0,[0.6298922  0.16500923 0.08335785 0.05727918 0.054522   0.00993954],-158.9439207385883,352.3458606040336
6-21,3-PA,"[299, 838, 1254, 1397, 1584]","[('T', 'T', 'T', 'A', 'T')]",1.0,[0.99000327 0.00999673],-136.51758607597935,285.96434875933863
6-21,4-HA,"[68, 295, 834, 1003, 1207, 1246, 1410, 1512]","[('G', 'A', 'T', 'T', 'A', 'C', 'T', 'A'), ('G', 'A', 'T', 'T', 'A', 'C', 'A', 'A'), ('G', 'G', 'T', 'T', 'A', 'C', 'T', 'A')]",1.0,[0.46578773 0.34570491 0.17852853 0.00997883],-265.29433829237166,555.8789375444525
6-21,5-NP,"[941, 1073, 1455]","[('G', 'T', 'G'), ('G', 'T', 'A'), ('G', 'C', 'G'), ('G', 'C', 'A'), ('A', 'C', 'A')]",0.0,"[8.95602670e-01 9.38083310e-11 1.38992920e-02 5.47928690e-03
 8.50187505e-02]",-94.50393318916828,216.45255500911998
6-21,6-NA,"[1089, 1166, 1372, 1385]","[('A', 'A', 'C', 'A'), ('A', 'G', 'C', 'A'), ('A', 'A', 'T', 'A')]",1.0,[0.44278556 0.34564427 0.20159946 0.00997072],-242.42880141830415,507.02265701724195
6-21,7-M,"[120, 270, 460, 899]","[('G', 'G', 'A', 'T'), ('T', 'G', 'A', 'T')]",1.0,[0.87841465 0.11160011 0.00998524],-267.68054009533284,556.0206751182573
6-21,8-NS,[509],"[('A',), ('C',)]",0.0,[0.05111821 0.94888179],,
6-22,1-PB2,"[393, 768, 1132, 2167]","[('C', 'C', 'A', 'A')]",1.0,[0.99000377 0.00999623],-691.3328832248935,1399.905987900633
6-22,2-PB1,"[791, 2092, 2267]","[('A', 'A', 'A')]",1.0,[0.99000084 0.00999916],-505.50426207841065,1026.8326379331793
6-22,3-PA,"[207, 1090, 1628, 1978]","[('T', 'A', 'T', 'G')]",1.0,[0.99000298 0.00999702],-616.1244966285994,1249.2038179000074
6-22,4-HA,"[131, 1410, 1567]","[('C', 'T', 'G'), ('C', 'A', 'G'), ('C', 'T', 'A'), ('A', 'T', 'G')]",0.0,[0.80613106 0.13026592 0.03705385 0.02654917],-714.7352408913392,1462.1216871966471
6-22,5-NP,[984],"[('A',), ('G',)]",0.0,[0.03817603 0.96182397],,
6-22,6-NA,"[157, 376]","[('T', 'C'), ('T', 'A'), ('C', 'C')]",0.0,[0.92788438 0.03911367 0.03300195],-148.22269825447938,316.5586395738511
6-22,7-M,"[825, 831]","[('T', 'T'), ('T', 'C'), ('C', 'T')]",0.0,[0.68034302 0.23687674 0.08278024],-79.99125172404035,175.2821027315533
6-22,8-NS,,,,,,
6-23,1-PB2,"[1395, 2155]","[('C', 'G'), ('T', 'G'), ('C', 'A')]",0.0,[0.92265614 0.0484118  0.02893205],-111.45710717026144,242.6685885176801
6-23,2-PB1,"[245, 1140]","[('A', 'C'), ('C', 'C'), ('A', 'T')]",0.0,[0.89925755 0.05703539 0.04370706],-102.99830589990916,224.71743933533062
6-23,3-PA,"[158, 375, 1470, 1882]","[('T', 'G', 'G', 'G'), ('T', 'G', 'G', 'A'), ('T', 'A', 'G', 'G')]",1.0,[0.87930766 0.05973881 0.05102617 0.00992736],-182.74999341647631,392.8018269779738
6-23,4-HA,"[35, 122, 377, 1126, 1410]","[('T', 'T', 'C', 'T', 'A'), ('T', 'T', 'C', 'T', 'T'), ('T', 'T', 'C', 'C', 'A'), ('T', 'T', 'T', 'T', 'A')]",1.0,[0.57338753 0.31928018 0.04941715 0.04820004 0.0097151 ],-328.6681630856764,691.8399794915787
6-23,5-NP,"[285, 850, 1054]","[('C', 'G', 'G'), ('T', 'G', 'G'), ('C', 'A', 'G'), ('C', 'G', 'A')]",0.0,[0.8324912  0.06252398 0.05735264 0.04763217],-282.97316037956216,594.2765150365457
6-23,6-NA,[601],"[('A',), ('G',)]",0.0,[0.05970149 0.94029851],,
6-23,7-M,"[327, 678, 816, 823, 825, 831]","[('C', 'T', 'C', 'T', 'T', 'T'), ('C', 'T', 'C', 'T', 'T', 'C'), ('C', 'T', 'C', 'T', 'C', 'T')]",1.0,[0.80444388 0.09419594 0.0914726  0.00988758],-294.12690852398543,615.9127406188452
6-23,8-NS,[770],"[('G',), ('A',)]",0.0,[0.02053712 0.97946288],,
6-24,1-PB2,"[351, 584, 805, 1083, 1128, 1138, 1395, 1524, 1872, 2038, 2111]","[('T', 'A', 'A', 'A', 'G', 'A', 'C', 'A', 'T', 'G', 'A'), ('T', 'A', 'A', 'A', 'G', 'A', 'T', 'A', 'T', 'G', 'A'), ('T', 'A', 'A', 'A', 'G', 'A', 'C', 'A', 'T', 'A', 'A'), ('T', 'A', 'A', 'A', 'A', 'A', 'C', 'A', 'T', 'G', 'A')]",1.0,[0.48229341 0.30885475 0.05213529 0.14672266 0.00999389],-1089.4260515111016,2217.9543005985147
6-24,2-PB1,"[275, 1622, 1776, 1931]","[('T', 'C', 'A', 'T'), ('T', 'T', 'A', 'T')]",1.0,[0.91854386 0.0714755  0.00998064],-131.44451528998934,281.4103888916845
6-24,3-PA,"[111, 157, 226]","[('A', 'T', 'T'), ('G', 'T', 'T'), ('A', 'T', 'C'), ('A', 'C', 'T')]",0.0,[0.839629   0.09372898 0.04372605 0.02291597],-220.88756456661213,465.78078864506887
6-24,4-HA,"[195, 749, 964, 1410, 1417, 1558, 1607]","[('C', 'T', 'A', 'T', 'A', 'G', 'C'), ('C', 'T', 'A', 'A', 'A', 'G', 'C'), ('C', 'T', 'G', 'T', 'A', 'G', 'C')]",1.0,[0.42499594 0.39724525 0.16776554 0.00999327],-549.8373458280839,1128.6715518846256
6-24,5-NP,"[222, 529, 828, 1348, 1463]","[('A', 'G', 'G', 'A', 'T'), ('A', 'G', 'A', 'A', 'T')]",1.0,[0.60123632 0.38877956 0.00998412],-148.58813407142242,315.1129254375482
6-24,6-NA,"[258, 500, 595, 1025]","[('G', 'T', 'A', 'A'), ('G', 'C', 'A', 'A'), ('G', 'C', 'G', 'A')]",1.0,[0.54199453 0.40512448 0.04289396 0.00998703],-277.67794259347335,581.5544881558817
6-24,7-M,,,,,,
6-24,8-NS,"[159, 161, 509, 682]","[('C', 'T', 'C', 'A'), ('T', 'T', 'C', 'A'), ('T', 'C', 'C', 'A')]",1.0,[0.50232166 0.37966372 0.10803853 0.00997609],-300.96644839748797,626.5010464173254
6-25,1-PB2,[183],"[('A',), ('G',)]",0.0,[0.03 0.97],,
6-25,2-PB1,"[1370, 1588]","[('A', 'A'), ('C', 'G')]",0.0,[0.95395735 0.04604265],-24.57268672900523,58.60014909543514
6-25,3-PA,"[179, 226, 337, 968, 992, 1198]","[('C', 'T', 'A', 'T', 'A', 'C')]",1.0,[0.9900014 0.0099986],-166.44705698798657,345.4993519274629
6-25,4-HA,"[7, 336, 420, 645, 894, 1630]","[('G', 'C', 'G', 'T', 'A', 'G'), ('G', 'C', 'G', 'C', 'A', 'G')]",1.0,[0.729539   0.26047979 0.00998121],-217.39786729359844,454.7271037866399
6-25,5-NP,"[288, 406, 808, 1253]","[('A', 'A', 'G', 'T')]",1.0,[0.99000728 0.00999272],-110.60193391081577,233.81641839552762
6-25,6-NA,[1301],"[('T',), ('C',)]",0.0,[0.02755906 0.97244094],,
6-25,7-M,,,,,,
6-25,8-NS,"[254, 643]","[('C', 'C'), ('C', 'A'), ('T', 'C')]",0.0,[0.93926316 0.03498281 0.02575403],-149.40606707350662,319.8914145731122
6-28,1-PB2,[527],"[('C',), ('T',)]",0.0,[0.04011461 0.95988539],,
6-28,2-PB1,"[190, 483]","[('C', 'A'), ('C', 'G'), ('T', 'A')]",0.0,[0.93153117 0.03736218 0.03110665],-48.63229802483738,114.27423881861631
6-28,3-PA,,,,,,
6-28,4-HA,"[643, 932, 1410]","[('T', 'A', 'A'), ('T', 'A', 'T'), ('T', 'G', 'A'), ('C', 'A', 'A')]",0.0,[0.24090703 0.38896143 0.19964061 0.17049092],-237.49848977784848,499.1484632353855
6-28,5-NP,[860],"[('A',), ('G',)]",0.0,[0.04607046 0.95392954],,
6-28,6-NA,[1319],"[('A',), ('T',)]",0.0,[0.13409091 0.86590909],,
6-28,7-M,"[55, 343, 825, 831, 832]","[('C', 'G', 'T', 'T', 'C'), ('C', 'A', 'T', 'T', 'C'), ('T', 'G', 'T', 'T', 'C')]",1.0,[0.58065491 0.21948006 0.18986634 0.00999869],-590.4245600989886,1208.795386035603
6-28,8-NS,,,,,,
6-32,1-PB2,"[1369, 2003, 2096]","[('G', 'T', 'A'), ('G', 'T', 'G'), ('G', 'C', 'A'), ('A', 'T', 'A')]",0.0,[0.8773503  0.0490696  0.04251718 0.03106292],-72.02782769280469,167.85822559596028
6-32,2-PB1,"[570, 593, 666, 1717]","[('A', 'A', 'G', 'T'), ('G', 'C', 'G', 'T'), ('A', 'A', 'G', 'C'), ('A', 'A', 'A', 'T')]",0.0,[0.86608307 0.04817464 0.04616148 0.03958081],-48.99486798827957,118.08525805994422
6-32,3-PA,"[73, 498]","[('G', 'G'), ('G', 'A'), ('A', 'G')]",0.0,[0.91306502 0.05726964 0.02966534],-51.496962042390116,120.41835155472158
6-32,4-HA,"[10, 525, 633, 1071, 1410]","[('A', 'C', 'T', 'A', 'T'), ('A', 'C', 'T', 'A', 'A'), ('C', 'C', 'T', 'A', 'T')]",1.0,[0.55412001 0.36155119 0.07437263 0.00995618],-212.67236727327912,451.78213151922785
6-32,5-NP,"[21, 22, 557, 1358]","[('A', 'C', 'T', 'C'), ('A', 'C', 'T', 'A'), ('A', 'C', 'C', 'C'), ('C', 'A', 'T', 'C')]",0.0,[0.84629725 0.06543294 0.02514249 0.06312732],-147.80520580856174,321.7687554395942
6-32,6-NA,"[811, 1184]","[('C', 'A'), ('T', 'A'), ('C', 'G')]",0.0,[0.83918269 0.10787833 0.05293898],-71.55893405558868,159.76509636586303
6-32,7-M,"[365, 600]","[('G', 'A'), ('C', 'A'), ('G', 'T')]",0.0,[0.91570476 0.04363086 0.04066438],-45.9555747876268,108.32796159626804
6-32,8-NS,"[360, 738]","[('C', 'C'), ('T', 'C'), ('C', 'T')]",0.0,[0.90608582 0.06989674 0.02401744],-204.60780704518515,431.03697304390505
